Listing_ID,Seller_ID,Feedback_Score,Condition_ID,Condition_Name,Standard_Condition,Laptop_ID,Brand,Ram_Size,Storage_Type,Storage_Capacity,Price,Currency,Shipping_Cost,Total_Cost
v1|226682504011|0,*kool-trader,100.0,1000,New,New,v1|226682504011|0,Lenovo,16GB,Unknown,1TB,1899.98,USD,0.0,1899.98
v1|305764088040|0,1899mart,98.5,1000,New,New,v1|305764088040|0,HP,16GB,SSD,256GB,349.99,USD,0.0,349.99
v1|185136835199|0,1969gtoj-86,0.0,1000,New,New,v1|185136835199|0,Acer,Unknown,Unknown,Unknown,200.0,USD,0.0,200.0
v1|205394668851|0,4.-q,100.0,1000,New,New,v1|205394668851|0,Lenovo,Unknown,SSD,128GB,269.98,USD,0.0,269.98
v1|196225835065|0,abaa-it,100.0,1000,New,New,v1|196225835065|0,HP,8GB,SSD,128GB,299.0,USD,0.0,299.0
v1|396284868152|0,acemagic-direct,100.0,1000,New,New,v1|396284868152|0,Intel,16GB,SSD,512GB,499.0,USD,0.0,499.0
v1|186925695515|0,adk4341,0.0,1000,New,New,v1|186925695515|0,Acer,Unknown,Unknown,Unknown,250.0,USD,0.0,250.0
v1|387372716545|0,afeelbafe,100.0,1000,New,New,v1|387372716545|0,Intel,Unknown,Unknown,Unknown,241.74,USD,0.0,241.74
v1|146490036409|0,afooshani9497,99.5,1000,New,New,v1|146490036409|0,Dell,16GB,SSD,512GB,849.99,USD,0.0,849.99
v1|167024716223|0,aigar2129,0.0,1000,New,New,v1|167024716223|0,HP,Unknown,Unknown,Unknown,360.0,USD,8.0,368.0
v1|116107451990|0,ajtechnologyca,100.0,1000,New,New,v1|116107451990|0,HP,8GB,SSD,256GB,415.05,USD,22.62,437.67
v1|388120118355|0,alanwithtech,100.0,1000,New,New,v1|388120118355|0,HP,8GB,SSD,256GB,289.0,USD,0.0,289.0
v1|235923304963|0,alexpa_2025,99.7,1000,New,New,v1|235923304963|0,Lenovo,4GB,Unknown,64GB,221.25,USD,0.0,221.25
v1|365499020826|0,ali_944632,0.0,1000,New,New,v1|365499020826|0,Apple,Unknown,Unknown,1TB,1800.0,USD,0.0,1800.0
v1|166643093784|466300170192,alicexu19861024,97.8,1000,New,New,v1|166643093784|466300170192,Intel,Unknown,Unknown,Unknown,675.0,USD,70.0,745.0
v1|326510844497|0,all4homeusa,98.9,1000,New,New,v1|326510844497|0,Microsoft,16GB,Unknown,512GB,674.99,USD,0.0,674.99
v1|388001322534|0,allstore-up,97.3,1000,New,New,v1|388001322534|0,HP,64GB,SSD,4TB,1114.99,USD,0.0,1114.99
v1|387796761211|655059787207,allstore-up,97.3,1000,New,New,v1|387796761211|655059787207,HP,16GB,SSD,320GB,276.99,USD,0.0,276.99
v1|387788257933|655050203855,allstore-up,97.3,1000,New,New,v1|387788257933|655050203855,HP,16GB,Unknown,320GB,265.99,USD,0.0,265.99
v1|387736121604|654971896825,allstore-up,97.3,1000,New,New,v1|387736121604|654971896825,HP,64GB,SSD,2TB,516.99,USD,0.0,516.99
v1|388000769031|655233751066,allstore-up,97.3,1000,New,New,v1|388000769031|655233751066,HP,64GB,SSD,4TB,748.99,USD,0.0,748.99
v1|388190305020|0,alv-9540,0.0,1000,New,New,v1|388190305020|0,HP,16GB,Unknown,512GB,549.99,USD,0.0,549.99
v1|146462999740|0,anaseld0,0.0,1000,New,New,v1|146462999740|0,Lenovo,Unknown,Unknown,Unknown,499.0,USD,0.0,499.0
v1|305718430632|0,antonline,99.2,1000,New,New,v1|305718430632|0,Lenovo,16GB,SSD,512GB,899.99,USD,0.0,899.99
v1|126480962681|0,antonline,99.2,1000,New,New,v1|126480962681|0,Lenovo,12GB,SSD,512GB,599.99,USD,0.0,599.99
v1|305776945810|0,antonline,99.2,1000,New,New,v1|305776945810|0,Lenovo,12GB,SSD,512GB,519.99,USD,0.0,519.99
v1|126494851608|0,antonline,99.2,1000,New,New,v1|126494851608|0,Lenovo,16GB,SSD,1TB,879.99,USD,0.0,879.99
v1|126754097392|0,antonline,99.2,1000,New,New,v1|126754097392|0,Lenovo,8GB,SSD,512GB,499.99,USD,0.0,499.99
v1|306008460011|0,antonline,99.2,1000,New,New,v1|306008460011|0,HP,16GB,SSD,512GB,749.99,USD,0.0,749.99
v1|295907273733|0,antonline,99.2,1000,New,New,v1|295907273733|0,HP,8GB,SSD,256GB,359.99,USD,0.0,359.99
v1|126980447626|0,antonline,99.2,1000,New,New,v1|126980447626|0,Intel,32GB,Unknown,1TB,1628.99,USD,0.0,1628.99
v1|297083816485|0,antonline,99.2,1000,New,New,v1|297083816485|0,MSI,16GB,Unknown,Unknown,2634.53,USD,0.0,2634.53
v1|297138453380|0,antonline,99.2,1000,New,New,v1|297138453380|0,MSI,Unknown,Unknown,Unknown,2413.51,USD,0.0,2413.51
v1|296644186762|0,antonline,99.2,1000,New,New,v1|296644186762|0,Intel,Unknown,Unknown,Unknown,1025.97,USD,0.0,1025.97
v1|305740972834|0,antonline,99.2,1000,New,New,v1|305740972834|0,ThinkPad,8GB,Unknown,Unknown,713.32,USD,0.0,713.32
v1|297178658130|0,antonline,99.2,1000,New,New,v1|297178658130|0,MSI,16GB,SSD,1TB,858.81,USD,0.0,858.81
v1|306220146668|0,antonline,99.2,1000,New,New,v1|306220146668|0,Intel,8GB,Unknown,Unknown,461.31,USD,0.0,461.31
v1|297178658144|0,antonline,99.2,1000,New,New,v1|297178658144|0,MSI,16GB,Unknown,512GB,1007.88,USD,0.0,1007.88
v1|127032360922|0,antonline,99.2,1000,New,New,v1|127032360922|0,Lenovo,Unknown,Unknown,Unknown,1477.38,USD,0.0,1477.38
v1|306219946012|0,antonline,99.2,1000,New,New,v1|306219946012|0,MSI,Unknown,Unknown,Unknown,1038.62,USD,0.0,1038.62
v1|127032070328|0,antonline,99.2,1000,New,New,v1|127032070328|0,Intel,Unknown,Unknown,Unknown,2071.88,USD,0.0,2071.88
v1|156854123098|0,apc_sales,95.5,1000,New,New,v1|156854123098|0,HP,16GB,Unknown,Unknown,894.98,USD,0.0,894.98
v1|167427700828|0,apc_sales,95.5,1000,New,New,v1|167427700828|0,Acer,Unknown,Unknown,Unknown,920.39,USD,0.0,920.39
v1|156854123137|0,apc_sales,95.5,1000,New,New,v1|156854123137|0,Acer,Unknown,Unknown,1TB,748.83,USD,0.0,748.83
v1|297178447761|0,auction2272,97.3,1000,New,New,v1|297178447761|0,Intel,16GB,SSD,512GB,1049.99,USD,0.0,1049.99
v1|276762253516|0,awesome.bargains,97.1,1000,New,New,v1|276762253516|0,Asus,4GB,Unknown,64GB,143.0,USD,0.0,143.0
v1|205204663235|0,baimil1558,0.0,1000,New,New,v1|205204663235|0,HP,8GB,Unknown,192GB,375.0,USD,0.0,375.0
v1|116339528463|0,basiccomputer,95.7,1000,New,New,v1|116339528463|0,Asus,Unknown,Unknown,Unknown,410.0,USD,35.0,445.0
v1|236032674577|0,beachaudio,98.8,1000,New,New,v1|236032674577|0,Lenovo,Unknown,Unknown,Unknown,355.59,USD,0.0,355.59
v1|376129876605|0,bears-tech-deals,100.0,1000,New,New,v1|376129876605|0,Intel,Unknown,SSD,16GB,725.0,USD,15.0,740.0
v1|326517029581|0,bellatoscana2011,100.0,1000,New,New,v1|326517029581|0,Samsung,32GB,Unknown,1TB,1699.99,USD,50.0,1749.99
v1|126529000424|0,beny2011,98.9,1000,New,New,v1|126529000424|0,Intel,4GB,Unknown,128GB,196.0,USD,0.0,196.0
v1|326138508753|0,best_buy,95.7,1000,New,New,v1|326138508753|0,Intel,16GB,Unknown,Unknown,899.99,USD,0.0,899.99
v1|326202671916|0,best_buy,95.7,1000,New,New,v1|326202671916|0,HP,8GB,Unknown,Unknown,449.99,USD,0.0,449.99
v1|205363813807|0,best_buy,95.7,1000,New,New,v1|205363813807|0,Intel,Unknown,Unknown,Unknown,749.99,USD,0.0,749.99
v1|196833929651|0,best_buy,95.7,1000,New,New,v1|196833929651|0,Intel,Unknown,Unknown,Unknown,549.99,USD,0.0,549.99
v1|326094965111|0,best_buy,95.7,1000,New,New,v1|326094965111|0,Intel,16GB,Unknown,Unknown,1699.99,USD,0.0,1699.99
v1|204894136642|0,best_buy,95.7,1000,New,New,v1|204894136642|0,HP,16GB,Unknown,Unknown,899.99,USD,0.0,899.99
v1|326346360075|0,best_buy,95.7,1000,New,New,v1|326346360075|0,HP,8GB,SSD,512GB,499.99,USD,0.0,499.99
v1|326346609367|0,best_buy,95.7,1000,New,New,v1|326346609367|0,Lenovo,4GB,Unknown,Unknown,279.99,USD,0.0,279.99
v1|204802773770|0,best_buy,95.7,1000,New,New,v1|204802773770|0,Intel,16GB,Unknown,1TB,949.99,USD,0.0,949.99
v1|196352456560|0,best_buy,95.7,1000,New,New,v1|196352456560|0,Acer,Unknown,Unknown,Unknown,949.99,USD,0.0,949.99
v1|326068742080|0,best_buy,95.7,1000,New,New,v1|326068742080|0,Intel,Unknown,Unknown,Unknown,1999.99,USD,0.0,1999.99
v1|196337655134|0,best_buy,95.7,1000,New,New,v1|196337655134|0,HP,4GB,Unknown,64GB,159.0,USD,0.0,159.0
v1|205363813554|0,best_buy,95.7,1000,New,New,v1|205363813554|0,Intel,4GB,Unknown,64GB,130.99,USD,0.0,130.99
v1|196337518161|0,best_buy,95.7,1000,New,New,v1|196337518161|0,Asus,16GB,Unknown,Unknown,1099.99,USD,0.0,1099.99
v1|205254483105|0,best_buy,95.7,1000,New,New,v1|205254483105|0,HP,8GB,Unknown,Unknown,899.99,USD,0.0,899.99
v1|326345885523|0,best_buy,95.7,1000,New,New,v1|326345885523|0,Intel,Unknown,Unknown,Unknown,1249.99,USD,0.0,1249.99
v1|326062145999|0,best_buy,95.7,1000,New,New,v1|326062145999|0,MSI,16GB,Unknown,Unknown,719.99,USD,0.0,719.99
v1|326144056633|0,best_buy,95.7,1000,New,New,v1|326144056633|0,Intel,32GB,Unknown,Unknown,1699.99,USD,0.0,1699.99
v1|205115913137|0,best_buy,95.7,1000,New,New,v1|205115913137|0,MSI,Unknown,Unknown,Unknown,1199.99,USD,0.0,1199.99
v1|204735223831|0,best_buy,95.7,1000,New,New,v1|204735223831|0,Intel,Unknown,Unknown,Unknown,369.0,USD,0.0,369.0
v1|326185324610|0,best_buy,95.7,1000,New,New,v1|326185324610|0,Asus,4GB,Unknown,Unknown,229.0,USD,0.0,229.0
v1|204802985528|0,best_buy,95.7,1000,New,New,v1|204802985528|0,Intel,16GB,Unknown,Unknown,1399.99,USD,0.0,1399.99
v1|326094967184|0,best_buy,95.7,1000,New,New,v1|326094967184|0,Asus,4GB,Unknown,Unknown,139.0,USD,0.0,139.0
v1|204705621388|0,best_buy,95.7,1000,New,New,v1|204705621388|0,Asus,Unknown,Unknown,Unknown,1599.99,USD,0.0,1599.99
v1|335580953009|0,bestptv,98.6,1000,New,New,v1|335580953009|0,HP,16GB,Unknown,128GB,239.99,USD,0.0,239.99
v1|335831078458|0,bestptv,98.6,1000,New,New,v1|335831078458|0,Intel,32GB,SSD,1TB,469.99,USD,0.0,469.99
v1|375954277045|0,besttechdealstogo,100.0,1000,New,New,v1|375954277045|0,Microsoft,16GB,SSD,256GB,799.99,USD,0.0,799.99
v1|175544934027|0,betsabalvare-0,0.0,1000,New,New,v1|175544934027|0,Asus,Unknown,Unknown,Unknown,350.0,USD,0.0,350.0
v1|226674052121|0,big2004spender,100.0,1000,New,New,v1|226674052121|0,Intel,16GB,Unknown,256GB,429.99,USD,0.0,429.99
v1|116545117610|0,bigboxoverstockllc,97.6,1000,New,New,v1|116545117610|0,ThinkPad,16GB,SSD,512GB,959.95,USD,0.0,959.95
v1|196993704787|0,bigtimecloseouts,98.9,1000,New,New,v1|196993704787|0,Intel,Unknown,Unknown,Unknown,115.99,USD,6.99,122.98
v1|196993697140|0,bigtimecloseouts,98.9,1000,New,New,v1|196993697140|0,Intel,4GB,Unknown,Unknown,119.99,USD,6.99,126.98
v1|236020723889|0,bit-by-bit-electronics,99.6,1000,New,New,v1|236020723889|0,Dell,32GB,SSD,1TB,1750.0,USD,0.0,1750.0
v1|236019180880|0,bit-by-bit-electronics,99.6,1000,New,New,v1|236019180880|0,Dell,32GB,Unknown,Unknown,2750.0,USD,0.0,2750.0
v1|236023669197|0,bit-by-bit-electronics,99.6,1000,New,New,v1|236023669197|0,Dell,32GB,SSD,1TB,2750.0,USD,0.0,2750.0
v1|236023827542|0,bit-by-bit-electronics,99.6,1000,New,New,v1|236023827542|0,Dell,64GB,SSD,1TB,2350.0,USD,0.0,2350.0
v1|126967229690|428115979916,blivenowsystems,0.0,1000,New,New,v1|126967229690|428115979916,Intel,16GB,SSD,2TB,203.99,USD,25.0,228.99
v1|205364143233|0,blowoutsales,100.0,1000,New,New,v1|205364143233|0,HP,32GB,SSD,512GB,868.0,USD,0.0,868.0
v1|126705521947|0,bluegr_5309,100.0,1000,New,New,v1|126705521947|0,HP,8GB,Unknown,512GB,559.0,USD,0.0,559.0
v1|256436847857|0,boms2014,94.0,1000,New,New,v1|256436847857|0,Lenovo,8GB,SSD,256GB,851.49,USD,0.0,851.49
v1|297099615242|0,brandsmartusa,98.7,1000,New,New,v1|297099615242|0,Gateway,8GB,Unknown,256GB,247.77,USD,0.0,247.77
v1|232158877372|0,brownpilot1,100.0,1000,New,New,v1|232158877372|0,Panasonic,Unknown,Unknown,Unknown,19.95,USD,0.0,19.95
v1|394893548067|0,buy-from-here,99.2,1000,New,New,v1|394893548067|0,Intel,Unknown,Unknown,Unknown,549.99,USD,0.0,549.99
v1|267173267566|0,buy_computer_direct_inc,99.4,1000,New,New,v1|267173267566|0,Dell,16GB,SSD,1TB,798.0,USD,0.0,798.0
v1|256810386910|0,buy_computer_direct_inc,99.4,1000,New,New,v1|256810386910|0,Intel,16GB,SSD,1TB,899.99,USD,0.0,899.99
v1|256761381987|0,buy_computer_direct_inc,99.4,1000,New,New,v1|256761381987|0,Dell,8GB,SSD,512GB,519.0,USD,0.0,519.0
v1|267173266384|0,buy_computer_direct_inc,99.4,1000,New,New,v1|267173266384|0,Intel,16GB,SSD,1TB,999.0,USD,0.0,999.0
v1|286105319665|0,buy_computer_direct_inc,99.4,1000,New,New,v1|286105319665|0,Intel,8GB,SSD,1TB,619.0,USD,0.0,619.0
v1|326276087761|0,buydig,98.9,1000,New,New,v1|326276087761|0,Acer,8GB,Unknown,Unknown,404.79,USD,0.0,404.79
v1|405723346034|0,byte-techdirect,100.0,1000,New,New,v1|405723346034|0,Intel,Unknown,Unknown,Unknown,1069.58,USD,0.0,1069.58
v1|405723329573|0,byte-techdirect,100.0,1000,New,New,v1|405723329573|0,Microsoft,Unknown,Unknown,Unknown,2895.58,USD,0.0,2895.58
v1|405723215697|0,byte-techdirect,100.0,1000,New,New,v1|405723215697|0,Intel,Unknown,Unknown,Unknown,2469.14,USD,0.0,2469.14
v1|126662072334|0,c1ndy_99,0.0,1000,New,New,v1|126662072334|0,HP,Unknown,Unknown,Unknown,275.0,USD,0.0,275.0
v1|365485295627|0,cargolargo,99.1,1000,New,New,v1|365485295627|0,HP,64GB,Unknown,Unknown,179.98,USD,0.0,179.98
v1|405723218959|0,cargolargo,99.1,1000,New,New,v1|405723218959|0,Intel,Unknown,Unknown,256GB,329.99,USD,0.0,329.99
v1|365505174293|0,cargolargo,99.1,1000,New,New,v1|365505174293|0,Intel,Unknown,Unknown,128GB,354.99,USD,0.0,354.99
v1|356729302993|0,carxchange,100.0,1000,New,New,v1|356729302993|0,Dell,16GB,SSD,256GB,899.99,USD,0.0,899.99
v1|167311674920|0,cgelectronics16,99.8,1000,New,New,v1|167311674920|0,HP,16GB,Unknown,1TB,399.0,USD,0.0,399.0
v1|325468305091|0,chelseallc,100.0,1000,New,New,v1|325468305091|0,Microsoft,Unknown,Unknown,Unknown,500.0,USD,9.99,509.99
v1|187082537977|0,chouz_ecomm,99.4,1000,New,New,v1|187082537977|0,Intel,16GB,SSD,512GB,899.99,USD,0.0,899.99
v1|384335911257|0,chriboyi_8,0.0,1000,New,New,v1|384335911257|0,Samsung,Unknown,Unknown,Unknown,155.0,USD,0.0,155.0
v1|176980001190|0,chrisbuh-0,0.0,1000,New,New,v1|176980001190|0,Acer,Unknown,Unknown,Unknown,1249.99,USD,0.0,1249.99
v1|335503508427|0,chuwi2018,98.9,1000,New,New,v1|335503508427|0,Intel,8GB,SSD,256GB,107.99,USD,0.0,107.99
v1|335440300363|544854797075,chuwi2018,98.9,1000,New,New,v1|335440300363|544854797075,Intel,8GB,SSD,256GB,119.99,USD,0.0,119.99
v1|335386031946|544767632197,chuwi2018,98.9,1000,New,New,v1|335386031946|544767632197,CHUWI,8GB,Unknown,256GB,119.99,USD,0.0,119.99
v1|335585942713|0,chuwi2018,98.9,1000,New,New,v1|335585942713|0,Intel,Unknown,SSD,128GB,108.72,USD,0.0,108.72
v1|335294915108|0,chuwi2018,98.9,1000,New,New,v1|335294915108|0,Intel,12GB,SSD,512GB,307.57,USD,0.0,307.57
v1|335838101983|0,chuwi2018,98.9,1000,New,New,v1|335838101983|0,CHUWI,8GB,Unknown,256GB,124.99,USD,0.0,124.99
v1|335331221629|544738307838,chuwi2018,98.9,1000,New,New,v1|335331221629|544738307838,Intel,16GB,SSD,256GB,193.59,USD,0.0,193.59
v1|335418644387|0,chuwi2018,98.9,1000,New,New,v1|335418644387|0,Intel,8GB,SSD,256GB,177.99,USD,0.0,177.99
v1|396320750534|0,chuwiofficial,98.7,1000,New,New,v1|396320750534|0,Intel,8GB,SSD,256GB,127.99,USD,0.0,127.99
v1|395334057390|0,chuwiofficial,98.7,1000,New,New,v1|395334057390|0,Intel,8GB,SSD,256GB,196.99,USD,0.0,196.99
v1|315934177454|0,chuwitech,100.0,1000,New,New,v1|315934177454|0,Intel,Unknown,SSD,512GB,469.99,USD,0.0,469.99
v1|305316660606|0,comptechdirect,96.6,1000,New,New,v1|305316660606|0,HP,16GB,SSD,512GB,1001.76,USD,0.0,1001.76
v1|305613251810|0,comptechdirect,96.6,1000,New,New,v1|305613251810|0,Intel,32GB,SSD,1TB,2606.08,USD,0.0,2606.08
v1|305606511073|0,comptechdirect,96.6,1000,New,New,v1|305606511073|0,HP,4GB,Unknown,64GB,354.78,USD,0.0,354.78
v1|405708347069|0,costasub,100.0,1000,New,New,v1|405708347069|0,Lenovo,Unknown,Unknown,Unknown,65.1,USD,34.0,99.1
v1|356719973002|0,ctrlaltrepairllc,0.0,1000,New,New,v1|356719973002|0,Intel,16GB,Unknown,500GB,1000.0,USD,0.0,1000.0
v1|226487521384|0,ctwu41,99.2,1000,New,New,v1|226487521384|0,HP,16GB,SSD,1TB,679.49,USD,0.0,679.49
v1|325494325330|0,ctwu41,99.2,1000,New,New,v1|325494325330|0,Acer,16GB,Unknown,1TB,599.49,USD,0.0,599.49
v1|196914852569|0,cu_7406,0.0,1000,New,New,v1|196914852569|0,Intel,8GB,Unknown,256GB,189.0,USD,0.0,189.0
v1|196953661158|0,cu_7406,0.0,1000,New,New,v1|196953661158|0,Intel,8GB,Unknown,256GB,365.0,USD,0.0,365.0
v1|196948379111|0,cu_7406,0.0,1000,New,New,v1|196948379111|0,Intel,8GB,Unknown,256GB,338.88,USD,0.0,338.88
v1|315802847635|614253448500,cyberarch_net,95.8,1000,New,New,v1|315802847635|614253448500,ThinkPad,Unknown,Unknown,Unknown,499.0,USD,0.0,499.0
v1|126842106228|0,darkwarriornewearth,100.0,1000,New,New,v1|126842106228|0,HP,Unknown,Unknown,Unknown,800.0,USD,0.0,800.0
v1|267166879713|0,deaconsdeals,98.4,1000,New,New,v1|267166879713|0,Intel,8GB,SSD,128GB,260.0,USD,0.0,260.0
v1|306061940083|0,deal_targets,99.3,1000,New,New,v1|306061940083|0,Acer,Unknown,Unknown,Unknown,531.32,USD,17.73,549.05
v1|306059830653|0,deal_targets,99.3,1000,New,New,v1|306059830653|0,HP,Unknown,Unknown,Unknown,325.6,USD,17.73,343.33
v1|335656011553|0,dealjustdeal,99.5,1000,New,New,v1|335656011553|0,Intel,16GB,Unknown,512GB,579.0,USD,0.0,579.0
v1|335483167008|0,dealjustdeal,99.5,1000,New,New,v1|335483167008|0,Intel,8GB,SSD,512GB,469.0,USD,0.0,469.0
v1|176745265768|0,dealresort,99.0,1000,New,New,v1|176745265768|0,HP,16GB,Unknown,512GB,990.0,USD,0.0,990.0
v1|146442855326|0,dealsfellow,100.0,1000,New,New,v1|146442855326|0,Asus,8GB,SSD,512GB,419.99,USD,0.0,419.99
v1|286077363343|0,dehern_2286,0.0,1000,New,New,v1|286077363343|0,HP,Unknown,Unknown,Unknown,290.0,USD,15.0,305.0
v1|226135875813|0,dell,95.5,1000,New,New,v1|226135875813|0,Intel,Unknown,SSD,512GB,599.99,USD,0.0,599.99
v1|226413941151|0,dell,95.5,1000,New,New,v1|226413941151|0,Intel,Unknown,SSD,1TB,519.99,USD,0.0,519.99
v1|226278921142|0,dell,95.5,1000,New,New,v1|226278921142|0,Intel,Unknown,SSD,512GB,479.99,USD,0.0,479.99
v1|226135883149|0,dell,95.5,1000,New,New,v1|226135883149|0,Dell,16GB,SSD,1TB,629.99,USD,0.0,629.99
v1|226135868490|0,dell,95.5,1000,New,New,v1|226135868490|0,Intel,16GB,SSD,1TB,1999.99,USD,0.0,1999.99
v1|226126865437|0,dell,95.5,1000,New,New,v1|226126865437|0,Intel,Unknown,SSD,512GB,379.99,USD,0.0,379.99
v1|316591328307|0,derty_6270,100.0,1000,New,New,v1|316591328307|0,Intel,Unknown,SSD,512GB,1600.0,USD,20.0,1620.0
v1|276835590858|0,digjungle,98.5,1000,New,New,v1|276835590858|0,Intel,8GB,Unknown,512GB,699.0,USD,0.0,699.0
v1|404014654925|0,dinavia_97,0.0,1000,New,New,v1|404014654925|0,Lenovo,Unknown,Unknown,Unknown,210.0,USD,15.0,225.0
v1|176735949076|0,discountcomputers9,100.0,1000,New,New,v1|176735949076|0,Intel,16GB,SSD,512GB,599.0,USD,0.0,599.0
v1|356461052823|0,dmlkl2012,95.4,1000,New,New,v1|356461052823|0,Lenovo,8GB,SSD,256GB,269.0,USD,0.0,269.0
v1|297101169209|0,dovan2025,99.4,1000,New,New,v1|297101169209|0,Jumper,12GB,Unknown,640GB,1732.14,USD,0.0,1732.14
v1|226613406266|0,eboy4sale,99.0,1000,New,New,v1|226613406266|0,Intel,4GB,Unknown,32GB,219.96,USD,0.0,219.96
v1|365320758350|635093971011,electrabuy,96.6,1000,New,New,v1|365320758350|635093971011,HP,16GB,Unknown,128GB,189.99,USD,0.0,189.99
v1|365456489154|635259931269,electrabuy,96.6,1000,New,New,v1|365456489154|635259931269,Intel,64GB,SSD,2TB,799.99,USD,0.0,799.99
v1|365459893576|635263725384,electrabuy,96.6,1000,New,New,v1|365459893576|635263725384,Intel,40GB,SSD,2TB,655.49,USD,0.0,655.49
v1|256878693381|0,electro_outlet,99.6,1000,New,New,v1|256878693381|0,Intel,16GB,SSD,512GB,798.88,USD,24.95,823.83
v1|294950007014|593252784261,electronics*store,100.0,1000,New,New,v1|294950007014|593252784261,Intel,6GB,SSD,128GB,300.28,USD,9.36,309.64
v1|335841532026|0,electronicsvilla,100.0,1000,New,New,v1|335841532026|0,Acer,12GB,SSD,512GB,399.99,USD,0.0,399.99
v1|267209205700|0,ellen_mouse,98.7,1000,New,New,v1|267209205700|0,Dell,16GB,Unknown,1TB,1245.0,USD,0.0,1245.0
v1|277003853415|0,ellen_mouse,98.7,1000,New,New,v1|277003853415|0,Dell,64GB,Unknown,1TB,1385.0,USD,0.0,1385.0
v1|256881232128|0,ellen_mouse,98.7,1000,New,New,v1|256881232128|0,Dell,64GB,Unknown,2TB,1450.0,USD,0.0,1450.0
v1|256881228577|0,ellen_mouse,98.7,1000,New,New,v1|256881228577|0,Dell,32GB,Unknown,1TB,1299.0,USD,0.0,1299.0
v1|256881227204|0,ellen_mouse,98.7,1000,New,New,v1|256881227204|0,Dell,16GB,Unknown,2TB,1299.0,USD,0.0,1299.0
v1|256564184903|0,ellen_mouse,98.7,1000,New,New,v1|256564184903|0,ThinkPad,64GB,Unknown,2TB,1629.0,USD,0.0,1629.0
v1|276928652274|0,ellen_mouse,98.7,1000,New,New,v1|276928652274|0,ThinkPad,32GB,Unknown,1TB,1299.0,USD,0.0,1299.0
v1|276928652277|0,ellen_mouse,98.7,1000,New,New,v1|276928652277|0,ThinkPad,64GB,Unknown,2TB,1449.0,USD,0.0,1449.0
v1|306141059836|0,elsiehi-17,100.0,1000,New,New,v1|306141059836|0,Intel,16GB,Unknown,Unknown,680.64,USD,0.0,680.64
v1|146494189854|0,eltigre2324_0,100.0,1000,New,New,v1|146494189854|0,ThinkPad,32GB,SSD,1TB,1189.0,USD,0.0,1189.0
v1|404945754924|0,emblempower,98.4,1000,New,New,v1|404945754924|0,Toshiba,Unknown,Unknown,Unknown,11.79,USD,3.14,14.93
v1|356468247198|0,endeardistributors,99.6,1000,New,New,v1|356468247198|0,Lenovo,8GB,SSD,256GB,289.95,USD,0.0,289.95
v1|286390403835|0,endeardistributors,99.6,1000,New,New,v1|286390403835|0,HP,8GB,SSD,512GB,374.99,USD,0.0,374.99
v1|376024023026|0,esquared2018,97.8,1000,New,New,v1|376024023026|0,HP,4GB,Unknown,64GB,139.98,USD,0.0,139.98
v1|276380065685|0,etradekorea,96.1,1000,New,New,v1|276380065685|0,Samsung,64GB,Unknown,2TB,3299.99,USD,0.0,3299.99
v1|256759805718|0,etradekorea,96.1,1000,New,New,v1|256759805718|0,Intel,8GB,Unknown,256GB,894.89,USD,0.0,894.89
v1|205373817714|0,eureka-_-moments,100.0,1000,New,New,v1|205373817714|0,Intel,8GB,Unknown,64GB,211.95,USD,0.0,211.95
v1|296287876436|0,ev_industries,98.8,1000,New,New,v1|296287876436|0,Lenovo,4GB,Unknown,64GB,125.0,USD,15.0,140.0
v1|396398925055|0,ewholesale2011,99.0,1000,New,New,v1|396398925055|0,ThinkPad,32GB,SSD,1TB,839.99,USD,0.0,839.99
v1|126762153200|0,ezprobay99,98.4,1000,New,New,v1|126762153200|0,HP,4GB,Unknown,64GB,174.99,USD,0.0,174.99
v1|126893263677|0,ezprobay99,98.4,1000,New,New,v1|126893263677|0,Dell,8GB,SSD,512GB,344.99,USD,0.0,344.99
v1|205268026003|0,fairtradeheart,66.7,1000,New,New,v1|205268026003|0,HP,Unknown,Unknown,1TB,120.0,USD,0.0,120.0
v1|256514865400|0,feeloup_69,100.0,1000,New,New,v1|256514865400|0,Acer,Unknown,Unknown,Unknown,115.0,USD,0.0,115.0
v1|266776285733|0,five-star-buy,100.0,1000,New,New,v1|266776285733|0,Intel,Unknown,Unknown,Unknown,1156.39,USD,0.0,1156.39
v1|375915889951|0,flame3814,0.0,1000,New,New,v1|375915889951|0,HP,8GB,Unknown,512GB,420.0,USD,0.0,420.0
v1|396359079090|0,freshfinds.online,97.4,1000,New,New,v1|396359079090|0,Intel,16GB,SSD,512GB,615.0,USD,0.0,615.0
v1|315435141868|0,fujiyama00,97.2,1000,New,New,v1|315435141868|0,Acer,8GB,SSD,256GB,770.0,USD,0.0,770.0
v1|156328632776|0,gamespro2011,100.0,1000,New,New,v1|156328632776|0,Intel,16GB,SSD,512GB,399.0,USD,0.0,399.0
v1|296603351459|0,garage_sales_us,100.0,1000,New,New,v1|296603351459|0,HP,8GB,Unknown,256GB,475.0,USD,0.0,475.0
v1|295851118663|0,gcg4mu,100.0,1000,New,New,v1|295851118663|0,ThinkPad,Unknown,Unknown,Unknown,19.88,USD,0.0,19.88
v1|375082470418|644150666423,general_technologies,100.0,1000,New,New,v1|375082470418|644150666423,Intel,12GB,SSD,1TB,359.0,USD,0.0,359.0
v1|156853104935|0,getthemrunnin27,100.0,1000,New,New,v1|156853104935|0,ThinkPad,64GB,Unknown,2TB,1299.0,USD,0.0,1299.0
v1|126724004458|0,glen.tech,98.9,1000,New,New,v1|126724004458|0,HP,8GB,Unknown,256GB,299.99,USD,0.0,299.99
v1|297006874440|0,global-direct-parts,100.0,1000,New,New,v1|297006874440|0,Lenovo,4GB,Unknown,32GB,69.99,USD,4.0,73.99
v1|396394510693|665030194346,globalkart25,100.0,1000,New,New,v1|396394510693|665030194346,Intel,16GB,SSD,1TB,86.46,USD,0.0,86.46
v1|396391947872|665028736013,globalkart25,100.0,1000,New,New,v1|396391947872|665028736013,Intel,16GB,SSD,2TB,91.07,USD,0.0,91.07
v1|205079866883|0,gnv_123,100.0,1000,New,New,v1|205079866883|0,HP,Unknown,Unknown,Unknown,35.0,USD,0.0,35.0
v1|167276267628|0,goddessxoxo,100.0,1000,New,New,v1|167276267628|0,HP,4GB,Unknown,64GB,450.0,USD,0.0,450.0
v1|116405704450|0,greatbuy,99.0,1000,New,New,v1|116405704450|0,HP,8GB,SSD,512GB,408.75,USD,0.0,408.75
v1|296937255368|0,greatbuy,99.0,1000,New,New,v1|296937255368|0,HP,8GB,SSD,256GB,318.75,USD,0.0,318.75
v1|296954848313|0,greatbuy,99.0,1000,New,New,v1|296954848313|0,Acer,8GB,SSD,128GB,264.85,USD,0.0,264.85
v1|306207643153|0,greatbuy,99.0,1000,New,New,v1|306207643153|0,HP,8GB,SSD,512GB,547.75,USD,0.0,547.75
v1|256881157900|0,gvinu,99.5,1000,New,New,v1|256881157900|0,HP,32GB,SSD,1TB,1399.99,USD,0.0,1399.99
v1|266663253522|0,hadifrie,100.0,1000,New,New,v1|266663253522|0,Intel,4GB,SSD,128GB,136.0,USD,0.0,136.0
v1|334874112329|0,halbry,99.7,1000,New,New,v1|334874112329|0,Lenovo,Unknown,Unknown,Unknown,1079.0,USD,0.0,1079.0
v1|126716305927|427765182035,hellogoodlife1,98.1,1000,New,New,v1|126716305927|427765182035,Intel,20GB,SSD,1TB,239.0,USD,0.0,239.0
v1|116453646030|416742535684,hellogoodlife1,98.1,1000,New,New,v1|116453646030|416742535684,HP,64GB,SSD,2TB,489.0,USD,0.0,489.0
v1|146131418212|0,hellogoodlife1,98.1,1000,New,New,v1|146131418212|0,HP,32GB,SSD,1TB,489.0,USD,0.0,489.0
v1|116345882068|416605981305,hellogoodlife1,98.1,1000,New,New,v1|116345882068|416605981305,HP,16GB,Unknown,Unknown,258.8,USD,0.0,258.8
v1|126730618278|0,hellogoodlife1,98.1,1000,New,New,v1|126730618278|0,Intel,32GB,SSD,1TB,549.0,USD,0.0,549.0
v1|126716325548|0,hellogoodlife1,98.1,1000,New,New,v1|126716325548|0,Intel,20GB,SSD,1TB,329.0,USD,0.0,329.0
v1|116361722744|416629060857,hellogoodlife1,98.1,1000,New,New,v1|116361722744|416629060857,HP,64GB,SSD,2TB,649.0,USD,0.0,649.0
v1|116362974438|416630758133,hellogoodlife1,98.1,1000,New,New,v1|116362974438|416630758133,HP,64GB,SSD,2TB,839.0,USD,0.0,839.0
v1|116453645269|0,hellogoodlife1,98.1,1000,New,New,v1|116453645269|0,HP,32GB,SSD,1TB,539.0,USD,0.0,539.0
v1|146435325528|445234241322,hellogoodlife1,98.1,1000,New,New,v1|146435325528|445234241322,HP,64GB,HDD,1TB,739.0,USD,0.0,739.0
v1|126744460993|427806942152,hellogoodlife1,98.1,1000,New,New,v1|126744460993|427806942152,Intel,64GB,SSD,2TB,699.0,USD,0.0,699.0
v1|146402237585|0,hellogoodlife1,98.1,1000,New,New,v1|146402237585|0,HP,32GB,SSD,1TB,539.0,USD,0.0,539.0
v1|146063232929|445033084011,hellogoodlife1,98.1,1000,New,New,v1|146063232929|445033084011,Intel,64GB,SSD,2TB,849.0,USD,0.0,849.0
v1|126682179899|0,hellogoodlife1,98.1,1000,New,New,v1|126682179899|0,Intel,24GB,SSD,1TB,659.0,USD,0.0,659.0
v1|146402238727|445215246705,hellogoodlife1,98.1,1000,New,New,v1|146402238727|445215246705,HP,64GB,SSD,2TB,459.0,USD,0.0,459.0
v1|146464755272|445247636743,hellogoodlife1,98.1,1000,New,New,v1|146464755272|445247636743,Intel,40GB,SSD,2TB,359.0,USD,0.0,359.0
v1|146217047090|0,hellogoodlife1,98.1,1000,New,New,v1|146217047090|0,Intel,24GB,SSD,1TB,479.0,USD,0.0,479.0
v1|126776137671|427854036321,hellogoodlife1,98.1,1000,New,New,v1|126776137671|427854036321,HP,64GB,SSD,2TB,699.0,USD,0.0,699.0
v1|116529451458|0,hellogoodlife1,98.1,1000,New,New,v1|116529451458|0,Lenovo,24GB,SSD,1TB,499.0,USD,0.0,499.0
v1|145920820468|444963231709,hellogoodlife1,98.1,1000,New,New,v1|145920820468|444963231709,HP,32GB,SSD,1TB,349.0,USD,0.0,349.0
v1|146435421876|0,hellogoodlife1,98.1,1000,New,New,v1|146435421876|0,HP,32GB,HDD,1TB,769.0,USD,0.0,769.0
v1|126640514700|427683270692,hellogoodlife1,98.1,1000,New,New,v1|126640514700|427683270692,HP,32GB,SSD,2TB,409.0,USD,0.0,409.0
v1|126031839415|0,hellogoodlife1,98.1,1000,New,New,v1|126031839415|0,Intel,20GB,SSD,1TB,419.0,USD,0.0,419.0
v1|126776176698|0,hellogoodlife1,98.1,1000,New,New,v1|126776176698|0,HP,32GB,SSD,1TB,789.0,USD,0.0,789.0
v1|116401038536|416680062343,hellogoodlife1,98.1,1000,New,New,v1|116401038536|416680062343,Intel,40GB,SSD,2TB,559.0,USD,0.0,559.0
v1|126614911424|427657946337,hellogoodlife1,98.1,1000,New,New,v1|126614911424|427657946337,Lenovo,40GB,SSD,2TB,599.0,USD,0.0,599.0
v1|145568078726|0,hellogoodlife1,98.1,1000,New,New,v1|145568078726|0,HP,16GB,SSD,1TB,419.5,USD,0.0,419.5
v1|126318142095|0,hellogoodlife1,98.1,1000,New,New,v1|126318142095|0,Intel,16GB,Unknown,512GB,529.99,USD,0.0,529.99
v1|126633943541|427677019766,hellogoodlife1,98.1,1000,New,New,v1|126633943541|427677019766,Intel,40GB,SSD,2TB,289.0,USD,0.0,289.0
v1|126744543781|427807182031,hellogoodlife1,98.1,1000,New,New,v1|126744543781|427807182031,Intel,40GB,SSD,2TB,389.0,USD,0.0,389.0
v1|146169557069|445081746240,hellogoodlife1,98.1,1000,New,New,v1|146169557069|445081746240,Intel,40GB,SSD,2TB,729.0,USD,0.0,729.0
v1|146416413593|445223714316,hellogoodlife1,98.1,1000,New,New,v1|146416413593|445223714316,Intel,40GB,SSD,2TB,339.0,USD,0.0,339.0
v1|126895558626|428047425207,hellogoodlife1,98.1,1000,New,New,v1|126895558626|428047425207,HP,64GB,SSD,2TB,409.0,USD,0.0,409.0
v1|116399115376|416678238598,hellogoodlife1,98.1,1000,New,New,v1|116399115376|416678238598,HP,64GB,SSD,2TB,749.0,USD,0.0,749.0
v1|146217006938|445101325580,hellogoodlife1,98.1,1000,New,New,v1|146217006938|445101325580,Intel,40GB,SSD,2TB,499.0,USD,0.0,499.0
v1|205208408787|505956252603,hlnucpc,100.0,1000,New,New,v1|205208408787|505956252603,GPD,64GB,SSD,2TB,1299.0,USD,0.0,1299.0
v1|256878511015|0,inetsupply,100.0,1000,New,New,v1|256878511015|0,Intel,Unknown,Unknown,Unknown,1361.38,USD,0.0,1361.38
v1|127031762685|0,infinityfinds210,0.0,1000,New,New,v1|127031762685|0,Lenovo,Unknown,Unknown,Unknown,20.0,USD,0.0,20.0
v1|127031830640|0,infinityfinds210,0.0,1000,New,New,v1|127031830640|0,Asus,4GB,Unknown,64GB,134.99,USD,0.0,134.99
v1|396381186711|0,infohead47,0.0,1000,New,New,v1|396381186711|0,Intel,Unknown,Unknown,Unknown,5000.0,USD,0.0,5000.0
v1|126952975224|0,interstr-0,99.1,1000,New,New,v1|126952975224|0,Intel,Unknown,Unknown,Unknown,361.32,USD,0.0,361.32
v1|316597544375|0,ja_692912,0.0,1000,New,New,v1|316597544375|0,HP,Unknown,Unknown,Unknown,20.0,USD,0.0,20.0
v1|387458016934|0,jaadav8,100.0,1000,New,New,v1|387458016934|0,Intel,12GB,SSD,512GB,700.0,USD,0.0,700.0
v1|167355189373|0,jender.io,99.0,1000,New,New,v1|167355189373|0,Intel,8GB,Unknown,1TB,249.99,USD,0.0,249.99
v1|167331664187|0,jender.io,99.0,1000,New,New,v1|167331664187|0,Intel,8GB,Unknown,1TB,249.99,USD,0.0,249.99
v1|167331661579|0,jender.io,99.0,1000,New,New,v1|167331661579|0,Intel,8GB,Unknown,1TB,249.99,USD,0.0,249.99
v1|167331660339|0,jender.io,99.0,1000,New,New,v1|167331660339|0,Intel,8GB,Unknown,1TB,249.99,USD,0.0,249.99
v1|387989090556|0,jsalldeal,99.3,1000,New,New,v1|387989090556|0,HP,4GB,Unknown,64GB,152.1,USD,0.0,152.1
v1|355056731485|0,junguti-53,100.0,1000,New,New,v1|355056731485|0,HP,Unknown,Unknown,Unknown,160.0,USD,0.0,160.0
v1|286459950393|0,jw.it.partners,100.0,1000,New,New,v1|286459950393|0,Dell,16GB,SSD,256GB,999.0,USD,0.0,999.0
v1|376032868649|0,kamruidirect,99.6,1000,New,New,v1|376032868649|0,Intel,16GB,SSD,512GB,399.0,USD,0.0,399.0
v1|176435787552|0,kdthrock,100.0,1000,New,New,v1|176435787552|0,Intel,4GB,Unknown,128GB,265.99,USD,0.0,265.99
v1|146456941048|0,khaderhamida0,100.0,1000,New,New,v1|146456941048|0,Asus,8GB,Unknown,512GB,619.0,USD,0.0,619.0
v1|297177005446|0,klickonline,100.0,1000,New,New,v1|297177005446|0,HP,32GB,SSD,1TB,2899.99,USD,0.0,2899.99
v1|186603222392|0,komaks_bg,0.0,1000,New,New,v1|186603222392|0,Acer,8GB,Unknown,256GB,330.0,USD,11.99,341.99
v1|135588767135|0,krystelle-store,100.0,1000,New,New,v1|135588767135|0,Hyundai,4GB,Unknown,64GB,325.49,USD,16.99,342.48
v1|286368182258|0,kvhopart,100.0,1000,New,New,v1|286368182258|0,Intel,4GB,SSD,128GB,313.0,USD,0.0,313.0
v1|176696890014|476373451271,laptopnycom,99.2,1000,New,New,v1|176696890014|476373451271,Intel,16GB,Unknown,4TB,850.0,USD,0.0,850.0
v1|166796502693|0,lenovo,97.1,1000,New,New,v1|166796502693|0,Lenovo,Unknown,Unknown,Unknown,799.99,USD,0.0,799.99
v1|176391994324|0,lenovo,97.1,1000,New,New,v1|176391994324|0,Lenovo,Unknown,Unknown,Unknown,609.99,USD,0.0,609.99
v1|176920173123|0,lenovo,97.1,1000,New,New,v1|176920173123|0,ThinkPad,Unknown,Unknown,Unknown,1209.0,USD,0.0,1209.0
v1|176383415699|0,lenovo,97.1,1000,New,New,v1|176383415699|0,Lenovo,Unknown,SSD,1TB,749.99,USD,0.0,749.99
v1|167309567168|0,lenovo,97.1,1000,New,New,v1|167309567168|0,Intel,Unknown,Unknown,Unknown,1739.0,USD,0.0,1739.0
v1|156529927711|0,lenovo,97.1,1000,New,New,v1|156529927711|0,Intel,Unknown,Unknown,Unknown,1868.07,USD,0.0,1868.07
v1|156718938129|0,lenovo,97.1,1000,New,New,v1|156718938129|0,Lenovo,Unknown,Unknown,Unknown,755.81,USD,0.0,755.81
v1|176884725464|0,lenovo,97.1,1000,New,New,v1|176884725464|0,Lenovo,Unknown,Unknown,Unknown,329.99,USD,0.0,329.99
v1|167361573510|0,lenovo,97.1,1000,New,New,v1|167361573510|0,Intel,Unknown,Unknown,Unknown,1019.99,USD,0.0,1019.99
v1|176794796768|0,lenovo,97.1,1000,New,New,v1|176794796768|0,ThinkPad,Unknown,Unknown,Unknown,1559.99,USD,0.0,1559.99
v1|167338625603|0,lenovo,97.1,1000,New,New,v1|167338625603|0,Intel,Unknown,Unknown,Unknown,2219.0,USD,0.0,2219.0
v1|364655741251|0,lexk71,0.0,1000,New,New,v1|364655741251|0,HP,4GB,Unknown,64GB,250.0,USD,0.0,250.0
v1|175715677303|0,li_6345,96.6,1000,New,New,v1|175715677303|0,HP,4GB,Unknown,750GB,250.0,USD,0.0,250.0
v1|167271149356|0,lite_corp,98.9,1000,New,New,v1|167271149356|0,HP,8GB,Unknown,512GB,498.88,USD,0.0,498.88
v1|167427048151|0,lite_corp,98.9,1000,New,New,v1|167427048151|0,HP,8GB,Unknown,256GB,468.88,USD,0.0,468.88
v1|276954539645|0,luckystrikes04,93.3,1000,New,New,v1|276954539645|0,Intel,4GB,Unknown,1TB,259.79,USD,0.0,259.79
v1|306219868359|0,luzhe-0,94.4,1000,New,New,v1|306219868359|0,Dell,16GB,SSD,1TB,699.0,USD,19.0,718.0
v1|306219878767|0,luzhe-0,94.4,1000,New,New,v1|306219878767|0,Asus,16GB,Unknown,512GB,1250.0,USD,25.0,1275.0
v1|306219841100|0,luzhe-0,94.4,1000,New,New,v1|306219841100|0,Intel,Unknown,SSD,1TB,1499.0,USD,25.0,1524.0
v1|236029706641|0,marjpes_0,100.0,1000,New,New,v1|236029706641|0,Intel,16GB,Unknown,512GB,499.98,USD,0.01,499.99
v1|186833633216|0,medoukiha_0,100.0,1000,New,New,v1|186833633216|0,Intel,4GB,Unknown,128GB,314.29,USD,0.0,314.29
v1|205043846451|0,mesocloud,97.1,1000,New,New,v1|205043846451|0,Lenovo,4GB,Unknown,64GB,249.99,USD,0.0,249.99
v1|265441654304|0,mhdtrade_6,66.7,1000,New,New,v1|265441654304|0,Asus,Unknown,Unknown,Unknown,300.0,USD,0.0,300.0
v1|276931108976|0,michigan-survey-contractors,100.0,1000,New,New,v1|276931108976|0,Lenovo,32GB,Unknown,Unknown,145.0,USD,0.0,145.0
v1|256780023817|0,mike*22,100.0,1000,New,New,v1|256780023817|0,Intel,8GB,SSD,128GB,399.99,USD,0.0,399.99
v1|356372837745|0,moral2,100.0,1000,New,New,v1|356372837745|0,Intel,32GB,Unknown,1TB,950.0,USD,0.0,950.0
v1|236035098969|0,more4wayless,0.0,1000,New,New,v1|236035098969|0,HP,Unknown,Unknown,Unknown,1800.0,USD,0.0,1800.0
v1|324103332722|0,mt5600,100.0,1000,New,New,v1|324103332722|0,Dell,8GB,Unknown,2TB,1499.0,USD,0.0,1499.0
v1|187112979942|0,munndisko,100.0,1000,New,New,v1|187112979942|0,Intel,Unknown,SSD,4TB,4799.0,USD,0.0,4799.0
v1|316391602597|0,naler61,100.0,1000,New,New,v1|316391602597|0,ThinkPad,16GB,Unknown,512GB,271.24,USD,0.0,271.24
v1|256855850055|0,natspuffers,97.0,1000,New,New,v1|256855850055|0,Intel,8GB,SSD,256GB,359.0,USD,0.0,359.0
v1|386884667104|0,nbd-direct,97.7,1000,New,New,v1|386884667104|0,Intel,8GB,Unknown,128GB,178.99,USD,0.0,178.99
v1|156138151280|0,nbddi-67,99.5,1000,New,New,v1|156138151280|0,Intel,8GB,Unknown,128GB,179.99,USD,0.0,179.99
v1|235695583069|0,new.techies,97.8,1000,New,New,v1|235695583069|0,Dell,16GB,SSD,1TB,1429.0,USD,0.0,1429.0
v1|226549447948|0,new.techies,97.8,1000,New,New,v1|226549447948|0,Intel,16GB,SSD,1TB,589.0,USD,0.0,589.0
v1|305733555731|0,newegg,98.5,1000,New,New,v1|305733555731|0,MSI,16GB,SSD,1TB,1152.99,USD,0.0,1152.99
v1|305923934830|0,newegg,98.5,1000,New,New,v1|305923934830|0,Intel,16GB,Unknown,Unknown,591.99,USD,0.0,591.99
v1|296969702605|0,newegg,98.5,1000,New,New,v1|296969702605|0,HP,Unknown,Unknown,Unknown,1111.99,USD,0.0,1111.99
v1|388143420041|0,newegg,98.5,1000,New,New,v1|388143420041|0,Asus,16GB,Unknown,Unknown,815.99,USD,0.0,815.99
v1|292108214021|0,newegg,98.5,1000,New,New,v1|292108214021|0,Intel,Unknown,Unknown,Unknown,183.99,USD,0.0,183.99
v1|297147451438|0,newegg,98.5,1000,New,New,v1|297147451438|0,Asus,16GB,Unknown,Unknown,1223.99,USD,0.0,1223.99
v1|175608921243|0,newmiker,99.0,1000,New,New,v1|175608921243|0,Lenovo,4GB,SSD,128GB,174.99,USD,0.0,174.99
v1|176621506939|0,newmiker,99.0,1000,New,New,v1|176621506939|0,HP,16GB,Unknown,128GB,354.99,USD,0.0,354.99
v1|175357440683|0,newmiker,99.0,1000,New,New,v1|175357440683|0,DynaBook,16GB,SSD,128GB,234.99,USD,0.0,234.99
v1|185506918924|0,newmiker,99.0,1000,New,New,v1|185506918924|0,DynaBook,4GB,SSD,128GB,199.99,USD,0.0,199.99
v1|294999466055|0,niqlu_ohio,100.0,1000,New,New,v1|294999466055|0,HP,4GB,Unknown,64GB,259.99,USD,0.0,259.99
v1|226639752515|0,noaam4556,99.6,1000,New,New,v1|226639752515|0,Intel,16GB,SSD,256GB,307.24,USD,0.0,307.24
v1|205075027854|0,nothingbutsavings,97.8,1000,New,New,v1|205075027854|0,HP,16GB,SSD,512GB,982.51,USD,0.0,982.51
v1|388198000835|0,nothingbutsavings,97.8,1000,New,New,v1|388198000835|0,Microsoft,16GB,SSD,1TB,1718.32,USD,0.0,1718.32
v1|205352598638|0,nothingbutsavings,97.8,1000,New,New,v1|205352598638|0,MSI,32GB,SSD,1TB,1506.97,USD,0.0,1506.97
v1|388198002171|0,nothingbutsavings,97.8,1000,New,New,v1|388198002171|0,ThinkPad,32GB,Unknown,512GB,1770.26,USD,0.0,1770.26
v1|388198002412|0,nothingbutsavings,97.8,1000,New,New,v1|388198002412|0,MSI,32GB,SSD,1TB,1392.39,USD,0.0,1392.39
v1|388198003530|0,nothingbutsavings,97.8,1000,New,New,v1|388198003530|0,ThinkPad,16GB,SSD,256GB,1953.43,USD,0.0,1953.43
v1|205396611353|0,nothingbutsavings,97.8,1000,New,New,v1|205396611353|0,ThinkPad,16GB,SSD,512GB,1287.8,USD,0.0,1287.8
v1|388197308118|0,nothingbutsavings,97.8,1000,New,New,v1|388197308118|0,HP,32GB,SSD,512GB,1099.85,USD,0.0,1099.85
v1|388197308411|0,nothingbutsavings,97.8,1000,New,New,v1|388197308411|0,HP,16GB,SSD,256GB,923.72,USD,0.0,923.72
v1|205393326212|0,nothingbutsavings,97.8,1000,New,New,v1|205393326212|0,Asus,4GB,Unknown,32GB,319.41,USD,0.0,319.41
v1|205396453770|0,nothingbutsavings,97.8,1000,New,New,v1|205396453770|0,Acer,16GB,SSD,512GB,1112.17,USD,0.0,1112.17
v1|205396453613|0,nothingbutsavings,97.8,1000,New,New,v1|205396453613|0,HP,16GB,SSD,512GB,1866.0,USD,0.0,1866.0
v1|205396453753|0,nothingbutsavings,97.8,1000,New,New,v1|205396453753|0,Asus,16GB,SSD,512GB,886.55,USD,0.0,886.55
v1|205396453212|0,nothingbutsavings,97.8,1000,New,New,v1|205396453212|0,Acer,8GB,SSD,256GB,1220.91,USD,0.0,1220.91
v1|388197348505|0,nothingbutsavings,97.8,1000,New,New,v1|388197348505|0,MSI,32GB,SSD,1TB,1200.57,USD,0.0,1200.57
v1|205396357667|0,nothingbutsavings,97.8,1000,New,New,v1|205396357667|0,MSI,32GB,Unknown,1TB,1075.62,USD,0.0,1075.62
v1|205396452954|0,nothingbutsavings,97.8,1000,New,New,v1|205396452954|0,Acer,4GB,Unknown,32GB,256.44,USD,0.0,256.44
v1|388197308475|0,nothingbutsavings,97.8,1000,New,New,v1|388197308475|0,LG,16GB,SSD,512GB,1197.0,USD,0.0,1197.0
v1|205396453709|0,nothingbutsavings,97.8,1000,New,New,v1|205396453709|0,Acer,32GB,SSD,512GB,1447.12,USD,0.0,1447.12
v1|205396452931|0,nothingbutsavings,97.8,1000,New,New,v1|205396452931|0,HP,16GB,SSD,256GB,1335.93,USD,0.0,1335.93
v1|205396453555|0,nothingbutsavings,97.8,1000,New,New,v1|205396453555|0,MSI,16GB,SSD,512GB,971.38,USD,0.0,971.38
v1|388197348174|0,nothingbutsavings,97.8,1000,New,New,v1|388197348174|0,Asus,16GB,SSD,512GB,1094.33,USD,0.0,1094.33
v1|388197348782|0,nothingbutsavings,97.8,1000,New,New,v1|388197348782|0,Acer,4GB,Unknown,128GB,335.12,USD,0.0,335.12
v1|388197347830|0,nothingbutsavings,97.8,1000,New,New,v1|388197347830|0,MSI,32GB,SSD,1TB,1986.38,USD,0.0,1986.38
v1|388197347963|0,nothingbutsavings,97.8,1000,New,New,v1|388197347963|0,HP,32GB,SSD,512GB,1574.26,USD,0.0,1574.26
v1|388197347599|0,nothingbutsavings,97.8,1000,New,New,v1|388197347599|0,HP,32GB,SSD,512GB,1905.38,USD,0.0,1905.38
v1|388197348826|0,nothingbutsavings,97.8,1000,New,New,v1|388197348826|0,Acer,4GB,Unknown,32GB,372.57,USD,0.0,372.57
v1|388197347837|0,nothingbutsavings,97.8,1000,New,New,v1|388197347837|0,Acer,8GB,SSD,512GB,1026.73,USD,0.0,1026.73
v1|205396453479|0,nothingbutsavings,97.8,1000,New,New,v1|205396453479|0,HP,16GB,Unknown,512GB,1938.55,USD,0.0,1938.55
v1|388197347775|0,nothingbutsavings,97.8,1000,New,New,v1|388197347775|0,MSI,16GB,SSD,512GB,1131.32,USD,0.0,1131.32
v1|205396453383|0,nothingbutsavings,97.8,1000,New,New,v1|205396453383|0,MSI,32GB,SSD,1TB,1350.96,USD,0.0,1350.96
v1|205396336428|0,nothingbutsavings,97.8,1000,New,New,v1|205396336428|0,Asus,8GB,Unknown,64GB,339.24,USD,0.0,339.24
v1|388197347771|0,nothingbutsavings,97.8,1000,New,New,v1|388197347771|0,Intel,Unknown,Unknown,Unknown,433.55,USD,0.0,433.55
v1|205396452751|0,nothingbutsavings,97.8,1000,New,New,v1|205396452751|0,MSI,32GB,SSD,2TB,1778.93,USD,0.0,1778.93
v1|205396453662|0,nothingbutsavings,97.8,1000,New,New,v1|205396453662|0,Asus,16GB,Unknown,512GB,958.75,USD,0.0,958.75
v1|205396425321|0,nothingbutsavings,97.8,1000,New,New,v1|205396425321|0,LG,8GB,SSD,512GB,1613.98,USD,0.0,1613.98
v1|388197307234|0,nothingbutsavings,97.8,1000,New,New,v1|388197307234|0,LG,8GB,SSD,512GB,1733.52,USD,0.0,1733.52
v1|205396424664|0,nothingbutsavings,97.8,1000,New,New,v1|205396424664|0,LG,16GB,SSD,1TB,1802.83,USD,0.0,1802.83
v1|388197348378|0,nothingbutsavings,97.8,1000,New,New,v1|388197348378|0,Intel,Unknown,Unknown,Unknown,570.58,USD,0.0,570.58
v1|306187921923|0,novastral,100.0,1000,New,New,v1|306187921923|0,Dell,32GB,SSD,1TB,999.99,USD,0.0,999.99
v1|295853754755|0,oatetronic,100.0,1000,New,New,v1|295853754755|0,Acer,8GB,SSD,256GB,299.99,USD,39.99,339.98
v1|156472398133|0,officialhpstore,99.0,1000,New,New,v1|156472398133|0,HP,16GB,SSD,1TB,949.0,USD,0.0,949.0
v1|156481045481|0,officialhpstore,99.0,1000,New,New,v1|156481045481|0,HP,Unknown,Unknown,Unknown,1679.0,USD,0.0,1679.0
v1|156197652486|0,officialhpstore,99.0,1000,New,New,v1|156197652486|0,HP,16GB,SSD,512GB,599.99,USD,0.0,599.99
v1|387721826303|0,orricha_40,96.3,1000,New,New,v1|387721826303|0,Acer,Unknown,SSD,4GB,239.99,USD,0.0,239.99
v1|387920604752|0,orricha_40,96.3,1000,New,New,v1|387920604752|0,Dell,16GB,SSD,512GB,999.99,USD,0.0,999.99
v1|316579230229|0,orsol_42,99.2,1000,New,New,v1|316579230229|0,Intel,Unknown,Unknown,Unknown,382.16,USD,0.0,382.16
v1|176635283404|0,outofthisworldelectronics,99.6,1000,New,New,v1|176635283404|0,ThinkPad,16GB,SSD,512GB,1089.99,USD,0.0,1089.99
v1|176871775378|0,outofthisworldelectronics,99.6,1000,New,New,v1|176871775378|0,Intel,16GB,SSD,512GB,1097.0,USD,0.0,1097.0
v1|405722810832|0,ozbestbuy1,100.0,1000,New,New,v1|405722810832|0,Intel,12GB,SSD,128GB,294.3,USD,0.0,294.3
v1|405722803283|0,ozbestbuy1,100.0,1000,New,New,v1|405722803283|0,Intel,12GB,SSD,512GB,357.59,USD,0.0,357.59
v1|376067144887|0,paradox_store,100.0,1000,New,New,v1|376067144887|0,Lenovo,Unknown,Unknown,Unknown,44.72,USD,0.0,44.72
v1|376130138818|0,paradox_store,100.0,1000,New,New,v1|376130138818|0,Apple,Unknown,Unknown,Unknown,25.79,USD,0.0,25.79
v1|376045573512|0,paradox_store,100.0,1000,New,New,v1|376045573512|0,Lenovo,Unknown,Unknown,Unknown,35.27,USD,0.0,35.27
v1|376050726473|0,paradox_store,100.0,1000,New,New,v1|376050726473|0,Microsoft,Unknown,Unknown,Unknown,37.73,USD,0.0,37.73
v1|187015086111|695042089295,pc_on_sales,100.0,1000,New,New,v1|187015086111|695042089295,HP,32GB,SSD,2TB,599.0,USD,0.0,599.0
v1|186880624928|694942167276,pc_on_sales,100.0,1000,New,New,v1|186880624928|694942167276,HP,32GB,SSD,2TB,519.0,USD,0.0,519.0
v1|186842633825|694899484463,pc_on_sales,100.0,1000,New,New,v1|186842633825|694899484463,HP,16GB,Unknown,384GB,309.0,USD,0.0,309.0
v1|266112342777|0,photobooth3,96.7,1000,New,New,v1|266112342777|0,Intel,8GB,SSD,256GB,299.99,USD,0.0,299.99
v1|156441734106|457541847236,photographymallstore,95.5,1000,New,New,v1|156441734106|457541847236,Huawei,Unknown,Unknown,Unknown,469.0,USD,0.0,469.0
v1|187089391948|0,protech365,100.0,1000,New,New,v1|187089391948|0,HP,16GB,Unknown,1TB,599.0,USD,0.0,599.0
v1|375802947958|0,prycedin,98.5,1000,New,New,v1|375802947958|0,HP,16GB,SSD,256GB,771.0,USD,0.0,771.0
v1|375294315120|0,prycedin,98.5,1000,New,New,v1|375294315120|0,Asus,16GB,Unknown,1TB,1050.0,USD,0.0,1050.0
v1|375704167524|0,prycedin,98.5,1000,New,New,v1|375704167524|0,Intel,16GB,SSD,512GB,819.99,USD,0.0,819.99
v1|167322950214|0,prycedin,98.5,1000,New,New,v1|167322950214|0,Intel,32GB,SSD,512GB,399.99,USD,0.0,399.99
v1|167053134471|0,prycedin,98.5,1000,New,New,v1|167053134471|0,Lenovo,32GB,SSD,1TB,1599.99,USD,0.0,1599.99
v1|166886311493|0,prycedin,98.5,1000,New,New,v1|166886311493|0,HP,8GB,SSD,512GB,855.0,USD,0.0,855.0
v1|166650015970|0,prycedin,98.5,1000,New,New,v1|166650015970|0,Lenovo,16GB,SSD,512GB,762.0,USD,0.0,762.0
v1|166886319656|0,prycedin,98.5,1000,New,New,v1|166886319656|0,ThinkPad,32GB,SSD,512GB,1655.0,USD,0.0,1655.0
v1|335858381589|0,purpletechnado,99.7,1000,New,New,v1|335858381589|0,Lenovo,16GB,SSD,512GB,849.99,USD,0.0,849.99
v1|186775022782|0,qasqasi_uaecd,93.7,1000,New,New,v1|186775022782|0,Intel,20GB,Unknown,1TB,399.99,USD,0.0,399.99
v1|356417082253|0,rafhern67,100.0,1000,New,New,v1|356417082253|0,HP,Unknown,Unknown,Unknown,799.99,USD,0.0,799.99
v1|375752150806|0,rash_9298,100.0,1000,New,New,v1|375752150806|0,Lenovo,Unknown,Unknown,Unknown,500.0,USD,0.0,500.0
v1|285801830394|0,ravisi_3935,100.0,1000,New,New,v1|285801830394|0,Intel,Unknown,Unknown,512GB,1109.0,USD,0.0,1109.0
v1|127031127473|0,redtagdeal,99.9,1000,New,New,v1|127031127473|0,Dell,16GB,Unknown,512GB,799.99,USD,0.0,799.99
v1|167308675591|0,retail_king,98.1,1000,New,New,v1|167308675591|0,Dell,Unknown,SSD,1TB,1410.33,USD,0.0,1410.33
v1|176003758556|0,reveno85,100.0,1000,New,New,v1|176003758556|0,HP,Unknown,Unknown,Unknown,288.0,USD,0.0,288.0
v1|326218618150|0,reyelectronics,98.4,1000,New,New,v1|326218618150|0,HP,8GB,SSD,512GB,479.99,USD,0.0,479.99
v1|325407916402|0,reyelectronics,98.4,1000,New,New,v1|325407916402|0,Intel,6GB,SSD,120GB,209.99,USD,0.0,209.99
v1|387829125781|655091727684,rockystoneelectronicsllc,98.8,1000,New,New,v1|387829125781|655091727684,Asus,64GB,SSD,4TB,745.64,USD,0.0,745.64
v1|387557144935|654794926593,rockystoneelectronicsllc,98.8,1000,New,New,v1|387557144935|654794926593,MSI,64GB,SSD,4TB,1257.56,USD,0.0,1257.56
v1|156585533399|0,rotem1,99.8,1000,New,New,v1|156585533399|0,Intel,Unknown,Unknown,Unknown,308.99,USD,0.0,308.99
v1|116546912308|0,roycempcorp,100.0,1000,New,New,v1|116546912308|0,Microsoft,16GB,SSD,256GB,1034.99,USD,0.0,1034.99
v1|156852313325|0,rti.communications,98.9,1000,New,New,v1|156852313325|0,MSI,16GB,Unknown,Unknown,799.99,USD,0.0,799.99
v1|156839137867|0,salesexpress2,0.0,1000,New,New,v1|156839137867|0,Intel,4GB,SSD,16GB,55.08,USD,0.0,55.08
v1|226636652985|0,salviya357159,99.2,1000,New,New,v1|226636652985|0,Intel,8GB,Unknown,256GB,299.0,USD,0.0,299.0
v1|375773442408|0,seqcur0,0.0,1000,New,New,v1|375773442408|0,Samsung,Unknown,Unknown,Unknown,950.0,USD,12.0,962.0
v1|387213629602|0,sgin-shop-1121,100.0,1000,New,New,v1|387213629602|0,SGIN,8GB,SSD,256GB,159.99,USD,0.0,159.99
v1|387216795175|654455787520,sgin-shop-1121,100.0,1000,New,New,v1|387216795175|654455787520,SGIN,Unknown,SSD,128GB,209.99,USD,0.0,209.99
v1|387636531493|0,sgin-shop-1121,100.0,1000,New,New,v1|387636531493|0,SGIN,4GB,SSD,128GB,139.99,USD,0.0,139.99
v1|387213731911|0,sgin-shop-1121,100.0,1000,New,New,v1|387213731911|0,SGIN,Unknown,SSD,4GB,209.99,USD,0.0,209.99
v1|387213851051|0,sgin-shop-1121,100.0,1000,New,New,v1|387213851051|0,Intel,12GB,SSD,1024GB,179.99,USD,0.0,179.99
v1|315840495626|0,sgin_official_store,98.1,1000,New,New,v1|315840495626|0,SGIN,4GB,SSD,128GB,199.99,USD,0.0,199.99
v1|315829472374|0,sgin_official_store,98.1,1000,New,New,v1|315829472374|0,Intel,8GB,SSD,512GB,169.99,USD,0.0,169.99
v1|315982549209|0,sgin_official_store,98.1,1000,New,New,v1|315982549209|0,SGIN,8GB,SSD,256GB,229.89,USD,0.0,229.89
v1|235780815300|0,sgin_shop,98.7,1000,New,New,v1|235780815300|0,Intel,8GB,SSD,512GB,239.99,USD,0.0,239.99
v1|235412028199|0,sgin_shop,98.7,1000,New,New,v1|235412028199|0,SGIN,4GB,Unknown,128GB,139.99,USD,0.0,139.99
v1|176796375958|0,shalmesh,99.5,1000,New,New,v1|176796375958|0,ThinkPad,8GB,SSD,256GB,230.09,USD,0.0,230.09
v1|394940912519|0,shoberl-0,100.0,1000,New,New,v1|394940912519|0,SGIN,24GB,SSD,512GB,699.99,USD,0.0,699.99
v1|126024962894|0,silvemic,100.0,1000,New,New,v1|126024962894|0,MSI,8GB,SSD,512GB,609.9,USD,0.0,609.9
v1|226610881810|0,singhtechnologies,100.0,1000,New,New,v1|226610881810|0,Acer,16GB,Unknown,256GB,1276.81,USD,0.0,1276.81
v1|226586586723|0,singhtechnologies,100.0,1000,New,New,v1|226586586723|0,Lenovo,4GB,Unknown,32GB,329.55,USD,0.0,329.55
v1|226586586717|0,singhtechnologies,100.0,1000,New,New,v1|226586586717|0,Lenovo,8GB,Unknown,256GB,594.55,USD,0.0,594.55
v1|226586586645|0,singhtechnologies,100.0,1000,New,New,v1|226586586645|0,Lenovo,4GB,Unknown,32GB,266.35,USD,0.0,266.35
v1|226604733172|0,singhtechnologies,100.0,1000,New,New,v1|226604733172|0,Acer,16GB,Unknown,512GB,1221.18,USD,0.0,1221.18
v1|295952436268|0,sm_594651,0.0,1000,New,New,v1|295952436268|0,Lenovo,Unknown,SSD,1TB,499.98,USD,0.0,499.98
v1|187104913371|0,smoya911,94.3,1000,New,New,v1|187104913371|0,SGIN,4GB,SSD,5GB,104.99,USD,0.0,104.99
v1|187076218507|0,smoya911,94.3,1000,New,New,v1|187076218507|0,Intel,16GB,Unknown,512GB,124.99,USD,0.0,124.99
v1|187072193853|0,smoya911,94.3,1000,New,New,v1|187072193853|0,Intel,4GB,Unknown,125GB,109.99,USD,0.0,109.99
v1|316320527994|0,snapsell-2,94.4,1000,New,New,v1|316320527994|0,HP,16GB,Unknown,512GB,590.0,USD,0.0,590.0
v1|233951742938|0,sonna96,0.0,1000,New,New,v1|233951742938|0,HP,Unknown,Unknown,Unknown,350.0,USD,10.0,360.0
v1|226488530180|0,spark.goodies,98.1,1000,New,New,v1|226488530180|0,Intel,16GB,SSD,512GB,410.11,USD,0.0,410.11
v1|226533461213|0,spark.goodies,98.1,1000,New,New,v1|226533461213|0,Intel,Unknown,Unknown,256GB,272.05,USD,0.0,272.05
v1|306177513472|0,steevesj,99.9,1000,New,New,v1|306177513472|0,Intel,8GB,SSD,128GB,279.95,USD,0.0,279.95
v1|187113582277|0,stellareikipicks,98.8,1000,New,New,v1|187113582277|0,Intel,4GB,Unknown,64GB,208.29,USD,0.0,208.29
v1|226681536867|0,subetesalesllc,97.1,1000,New,New,v1|226681536867|0,HP,Unknown,Unknown,Unknown,34.99,USD,0.0,34.99
v1|226681530385|0,subetesalesllc,97.1,1000,New,New,v1|226681530385|0,ThinkPad,Unknown,Unknown,Unknown,64.99,USD,0.0,64.99
v1|296787713067|594585362702,surpriseshop-1,94.6,1000,New,New,v1|296787713067|594585362702,Intel,Unknown,Unknown,Unknown,765.18,USD,0.0,765.18
v1|297146585174|0,swingcomputers,97.9,1000,New,New,v1|297146585174|0,Samsung,32GB,Unknown,1TB,2079.99,USD,0.0,2079.99
v1|297134701468|0,swingcomputers,97.9,1000,New,New,v1|297134701468|0,Samsung,16GB,Unknown,512GB,1039.99,USD,0.0,1039.99
v1|306219904667|0,swingcomputers,97.9,1000,New,New,v1|306219904667|0,Asus,24GB,Unknown,2TB,1829.99,USD,0.0,1829.99
v1|306220033548|0,swingcomputers,97.9,1000,New,New,v1|306220033548|0,HP,16GB,SSD,512GB,2552.0,USD,0.0,2552.0
v1|296915809758|0,swingcomputers,97.9,1000,New,New,v1|296915809758|0,Lenovo,8GB,Unknown,128GB,458.99,USD,0.0,458.99
v1|306191777258|0,swingcomputers,97.9,1000,New,New,v1|306191777258|0,HP,16GB,SSD,512GB,842.99,USD,0.0,842.99
v1|306220034042|0,swingcomputers,97.9,1000,New,New,v1|306220034042|0,HP,16GB,SSD,256GB,3411.3,USD,0.0,3411.3
v1|297178814151|0,swingcomputers,97.9,1000,New,New,v1|297178814151|0,HP,16GB,SSD,512GB,2747.0,USD,0.0,2747.0
v1|297178815192|0,swingcomputers,97.9,1000,New,New,v1|297178815192|0,HP,32GB,SSD,1TB,3896.2,USD,0.0,3896.2
v1|297178815483|0,swingcomputers,97.9,1000,New,New,v1|297178815483|0,HP,32GB,SSD,1TB,4006.7,USD,0.0,4006.7
v1|297178815324|0,swingcomputers,97.9,1000,New,New,v1|297178815324|0,HP,16GB,SSD,512GB,3978.1,USD,0.0,3978.1
v1|306220034211|0,swingcomputers,97.9,1000,New,New,v1|306220034211|0,HP,16GB,SSD,1TB,3894.9,USD,0.0,3894.9
v1|306220033518|0,swingcomputers,97.9,1000,New,New,v1|306220033518|0,HP,32GB,SSD,1TB,2368.7,USD,0.0,2368.7
v1|306220033780|0,swingcomputers,97.9,1000,New,New,v1|306220033780|0,HP,16GB,SSD,512GB,2758.7,USD,0.0,2758.7
v1|306220034565|0,swingcomputers,97.9,1000,New,New,v1|306220034565|0,HP,64GB,SSD,1TB,4877.7,USD,0.0,4877.7
v1|306220033838|0,swingcomputers,97.9,1000,New,New,v1|306220033838|0,HP,32GB,SSD,1TB,2888.7,USD,0.0,2888.7
v1|306100226497|0,swingcomputers,97.9,1000,New,New,v1|306100226497|0,Intel,4GB,Unknown,64GB,488.89,USD,0.0,488.89
v1|297178814334|0,swingcomputers,97.9,1000,New,New,v1|297178814334|0,HP,Unknown,Unknown,Unknown,3148.7,USD,0.0,3148.7
v1|306220033897|0,swingcomputers,97.9,1000,New,New,v1|306220033897|0,HP,32GB,SSD,1TB,3279.99,USD,0.0,3279.99
v1|306200034475|0,swingcomputers,97.9,1000,New,New,v1|306200034475|0,Samsung,16GB,Unknown,1TB,999.99,USD,0.0,999.99
v1|297178393873|0,swingcomputers,97.9,1000,New,New,v1|297178393873|0,HP,32GB,Unknown,1TB,1376.35,USD,0.0,1376.35
v1|116361781623|0,sx_e_f,100.0,1000,New,New,v1|116361781623|0,Lenovo,Unknown,SSD,512GB,349.0,USD,0.0,349.0
v1|187078045139|0,t351a,100.0,1000,New,New,v1|187078045139|0,Dell,Unknown,Unknown,Unknown,540.0,USD,0.0,540.0
v1|135153745713|0,t3wares,95.5,1000,New,New,v1|135153745713|0,ThinkPad,16GB,SSD,512GB,879.0,USD,0.0,879.0
v1|145803428062|0,t3wares,95.5,1000,New,New,v1|145803428062|0,ThinkPad,24GB,SSD,1TB,929.0,USD,0.0,929.0
v1|135188950274|0,t3wares,95.5,1000,New,New,v1|135188950274|0,ThinkPad,16GB,SSD,512GB,855.99,USD,0.0,855.99
v1|305636061419|0,tactical_trade_master,100.0,1000,New,New,v1|305636061419|0,Acer,Unknown,Unknown,Unknown,340.0,USD,0.0,340.0
v1|146478164017|0,tanyastreasuries,98.8,1000,New,New,v1|146478164017|0,HP,8GB,SSD,256GB,334.99,USD,0.0,334.99
v1|146492568569|0,tanyastreasuries,98.8,1000,New,New,v1|146492568569|0,Acer,Unknown,Unknown,Unknown,1149.99,USD,0.0,1149.99
v1|376097913232|0,tanyastreasuries,98.8,1000,New,New,v1|376097913232|0,Asus,16GB,Unknown,Unknown,979.99,USD,0.0,979.99
v1|376097911056|0,tanyastreasuries,98.8,1000,New,New,v1|376097911056|0,Asus,8GB,SSD,128GB,369.99,USD,0.0,369.99
v1|376097910205|0,tanyastreasuries,98.8,1000,New,New,v1|376097910205|0,HP,4GB,SSD,128GB,479.99,USD,0.0,479.99
v1|335892760539|0,tastepie,100.0,1000,New,New,v1|335892760539|0,HP,16GB,SSD,512GB,499.0,USD,0.0,499.0
v1|225637205556|0,tech_handyman,99.9,1000,New,New,v1|225637205556|0,Intel,4GB,Unknown,500GB,499.88,USD,0.0,499.88
v1|326442821958|0,tedselectronics1,99.4,1000,New,New,v1|326442821958|0,Intel,4GB,Unknown,16GB,258.99,USD,0.0,258.99
v1|125137332863|0,tekbuff,99.3,1000,New,New,v1|125137332863|0,Dell,16GB,SSD,512GB,625.0,USD,0.0,625.0
v1|197125416878|0,the_thingamajigs_store,0.0,1000,New,New,v1|197125416878|0,Intel,8GB,Unknown,256GB,264.94,USD,0.0,264.94
v1|326376428851|0,theamazinghub,100.0,1000,New,New,v1|326376428851|0,ThinkPad,16GB,Unknown,256GB,849.0,USD,0.0,849.0
v1|365318055968|0,theglowgallery,80.0,1000,New,New,v1|365318055968|0,Intel,5GB,SSD,12GB,398.99,USD,0.0,398.99
v1|305926090649|0,themaxmart,98.9,1000,New,New,v1|305926090649|0,HP,16GB,Unknown,512GB,519.87,USD,0.0,519.87
v1|296796964553|0,themaxmart,98.9,1000,New,New,v1|296796964553|0,HP,4GB,Unknown,128GB,194.37,USD,0.0,194.37
v1|296796970178|0,themaxmart,98.9,1000,New,New,v1|296796970178|0,HP,4GB,Unknown,128GB,203.67,USD,0.0,203.67
v1|116402078017|0,themaxmart,98.9,1000,New,New,v1|116402078017|0,HP,16GB,SSD,512GB,566.37,USD,0.0,566.37
v1|116467315640|0,themaxmart,98.9,1000,New,New,v1|116467315640|0,ThinkPad,16GB,SSD,512GB,594.27,USD,0.0,594.27
v1|296968881019|0,themaxmart,98.9,1000,New,New,v1|296968881019|0,Acer,16GB,SSD,512GB,687.27,USD,0.0,687.27
v1|116399520824|0,themaxmart,98.9,1000,New,New,v1|116399520824|0,HP,32GB,SSD,1TB,603.57,USD,0.0,603.57
v1|306042370815|0,themaxmart,98.9,1000,New,New,v1|306042370815|0,HP,16GB,SSD,512GB,659.37,USD,0.0,659.37
v1|296985202841|0,themaxmart,98.9,1000,New,New,v1|296985202841|0,ThinkPad,32GB,SSD,1TB,687.27,USD,0.0,687.27
v1|116447464196|0,themaxmart,98.9,1000,New,New,v1|116447464196|0,HP,64GB,SSD,2TB,845.37,USD,0.0,845.37
v1|297084282452|0,themaxmart,98.9,1000,New,New,v1|297084282452|0,ThinkPad,32GB,SSD,1TB,873.27,USD,0.0,873.27
v1|306190949793|0,themaxmart,98.9,1000,New,New,v1|306190949793|0,Dell,16GB,SSD,1TB,529.17,USD,0.0,529.17
v1|297152046039|0,themaxmart,98.9,1000,New,New,v1|297152046039|0,Dell,16GB,Unknown,256GB,929.07,USD,0.0,929.07
v1|116382506464|0,themaxmart,98.9,1000,New,New,v1|116382506464|0,Acer,32GB,SSD,1TB,956.97,USD,0.0,956.97
v1|297170261205|0,thesalesturner,100.0,1000,New,New,v1|297170261205|0,Lenovo,8GB,SSD,512GB,400.0,USD,0.0,400.0
v1|364858787685|634422097866,thoyal,100.0,1000,New,New,v1|364858787685|634422097866,Intel,6GB,SSD,1TB,189.14,USD,0.0,189.14
v1|405722810072|0,thrillsnthrifts,0.0,1000,New,New,v1|405722810072|0,Intel,64GB,Unknown,Unknown,1769.54,USD,0.0,1769.54
v1|335804843987|0,tomers41,100.0,1000,New,New,v1|335804843987|0,Intel,Unknown,Unknown,Unknown,382.16,USD,0.0,382.16
v1|236030073037|0,tomo12_japan,99.3,1000,New,New,v1|236030073037|0,Fujitsu,Unknown,Unknown,Unknown,84.99,USD,0.0,84.99
v1|205278250849|0,trav-lightner41056,100.0,1000,New,New,v1|205278250849|0,Lenovo,4GB,SSD,128GB,300.0,USD,0.0,300.0
v1|276808186023|0,tryna-buy,93.8,1000,New,New,v1|276808186023|0,HP,8GB,Unknown,512GB,246.46,USD,0.0,246.46
v1|126637248044|0,ultimate_us_electronics,100.0,1000,New,New,v1|126637248044|0,ThinkPad,64GB,Unknown,1TB,1199.0,USD,0.0,1199.0
v1|156792829981|0,uniquetechllc,95.5,1000,New,New,v1|156792829981|0,HP,8GB,SSD,256GB,299.62,USD,0.0,299.62
v1|286242382514|0,unogoo_trade05,98.8,1000,New,New,v1|286242382514|0,Intel,Unknown,Unknown,Unknown,375.15,USD,0.0,375.15
v1|286242366354|0,unogoo_trade05,98.8,1000,New,New,v1|286242366354|0,Intel,4GB,Unknown,64GB,194.67,USD,0.0,194.67
v1|135612626126|0,usmarketbargains,100.0,1000,New,New,v1|135612626126|0,Intel,8GB,SSD,256GB,296.14,USD,0.0,296.14
v1|375790340405|0,velztorm,98.4,1000,New,New,v1|375790340405|0,ThinkPad,64GB,SSD,1TB,869.99,USD,0.0,869.99
v1|375298624665|0,velztorm,98.4,1000,New,New,v1|375298624665|0,HP,32GB,SSD,1TB,969.99,USD,0.0,969.99
v1|375996632436|0,velztorm,98.4,1000,New,New,v1|375996632436|0,Intel,16GB,SSD,256GB,899.99,USD,0.0,899.99